"new_allele"	"func_group"	"or_allele"	"thresh"	"upper_range"
"IGHV1-18G1*01"	"IGHV1-18G1"	"IGHV1-18*01"	0.001	318
"IGHV1-18G1*03"	"IGHV1-18G1"	"IGHV1-18*03"	1e-04	318
"IGHV1-18G1*04"	"IGHV1-18G1"	"IGHV1-18*04"	0.001	318
"IGHV1-24G3*01"	"IGHV1-24G3"	"IGHV1-24*01"	1e-04	318
"IGHV1-2G2*01"	"IGHV1-2G2"	"IGHV1-2*01"	1e-04	312
"IGHV1-2G2*02"	"IGHV1-2G2"	"IGHV1-2*02"	0.001	318
"IGHV1-2G2*03"	"IGHV1-2G2"	"IGHV1-2*03"	1e-04	312
"IGHV1-2G2*04"	"IGHV1-2G2"	"IGHV1-2*04"	1e-04	318
"IGHV1-2G2*05"	"IGHV1-2G2"	"IGHV1-2*05"	1e-04	318
"IGHV1-2G2*06"	"IGHV1-2G2"	"IGHV1-2*06"	0.001	318
"IGHV1-2G2*07"	"IGHV1-2G2"	"IGHV1-2*07"	1e-04	318
"IGHV1-3G4*01"	"IGHV1-3G4"	"IGHV1-3*01"	1e-04	318
"IGHV1-3G4*02"	"IGHV1-3G4"	"IGHV1-3*02"	1e-04	318
"IGHV1-3G4*03"	"IGHV1-3G4"	"IGHV1-3*03"	1e-04	312
"IGHV1-3G4*04"	"IGHV1-3G4"	"IGHV1-3*04"	1e-04	318
"IGHV1-3G4*05"	"IGHV1-3G4"	"IGHV1-3*05"	1e-04	318
"IGHV1-45G5*01"	"IGHV1-45G5"	"IGHV1-45*01"	1e-05	312
"IGHV1-45G5*02"	"IGHV1-45G5"	"IGHV1-45*02"	1e-05	318
"IGHV1-45G5*03"	"IGHV1-45G5"	"IGHV1-45*03"	1e-05	317
"IGHV1-46G6*01"	"IGHV1-46G6"	"IGHV1-46*01"	0.001	318
"IGHV1-46G6*02"	"IGHV1-46G6"	"IGHV1-46*02"	1e-04	317
"IGHV1-46G6*03"	"IGHV1-46G6"	"IGHV1-46*03"	0.001	318
"IGHV1-46G6*04"	"IGHV1-46G6"	"IGHV1-46*04"	0.001	318
"IGHV1-58G7*01"	"IGHV1-58G7"	"IGHV1-58*01"	1e-04	318
"IGHV1-58G7*02"	"IGHV1-58G7"	"IGHV1-58*02"	1e-04	318
"IGHV1-58G7*03"	"IGHV1-58G7"	"IGHV1-58*03"	0.001	318
"IGHV1-69-2G8*01"	"IGHV1-69-2G8"	"IGHV1-69-2*01"	1e-04	318
"IGHV1-69G9*02"	"IGHV1-69G9"	"IGHV1-69*02"	0.001	318
"IGHV1-69G9*03"	"IGHV1-69G9"	"IGHV1-69*04"	0.001	318
"IGHV1-69G9*03_C184T"	"IGHV1-69G9"	"IGHV1-69*04_C184T"	0.001	318
"IGHV1-69G9*04"	"IGHV1-69G9"	"IGHV1-69*05"	0.001	318
"IGHV1-69G9*05"	"IGHV1-69G9"	"IGHV1-69*06"	0.001	318
"IGHV1-69G9*05_G240A"	"IGHV1-69G9"	"IGHV1-69*06_G240A"	1e-04	318
"IGHV1-69G9*06"	"IGHV1-69G9"	"IGHV1-69*08"	0.001	315
"IGHV1-69G9*07"	"IGHV1-69G9"	"IGHV1-69*09"	0.001	318
"IGHV1-69G9*08"	"IGHV1-69G9"	"IGHV1-69*10"	0.001	318
"IGHV1-69G9*09"	"IGHV1-69G9"	"IGHV1-69*11"	1e-04	312
"IGHV1-69G9*10"	"IGHV1-69G9"	"IGHV1-69*12"	0.001	318
"IGHV1-69G9*11"	"IGHV1-69G9"	"IGHV1-69*13"	0.001	318
"IGHV1-69G9*12"	"IGHV1-69G9"	"IGHV1-69*14"	0.001	318
"IGHV1-69G9*13"	"IGHV1-69G9"	"IGHV1-69*15"	0.001	312
"IGHV1-69G9*14"	"IGHV1-69G9"	"IGHV1-69*16"	1e-04	312
"IGHV1-69G9*15"	"IGHV1-69G9"	"IGHV1-69*17"	0.001	318
"IGHV1-69G9*16"	"IGHV1-69G9"	"IGHV1-69*18"	0.001	318
"IGHV1-69G9*17"	"IGHV1-69G9"	"IGHV1-69*19"	1e-04	318
"IGHV1-8G10*01"	"IGHV1-8G10"	"IGHV1-8*01"	1e-04	318
"IGHV1-8G10*02"	"IGHV1-8G10"	"IGHV1-8*02"	0.001	318
"IGHV1-8G10*03"	"IGHV1-8G10"	"IGHV1-8*03"	0.001	318
"IGHV2-26G11*01"	"IGHV2-26G11"	"IGHV2-26*01"	1e-04	318
"IGHV2-26G11*02"	"IGHV2-26G11"	"IGHV2-26*02"	1e-04	318
"IGHV2-26G11*03"	"IGHV2-26G11"	"IGHV2-26*03"	1e-04	318
"IGHV2-26G11*04"	"IGHV2-26G11"	"IGHV2-26*04"	1e-04	318
"IGHV2-5G12*01"	"IGHV2-5G12"	"IGHV2-5*01"	0.001	318
"IGHV2-5G12*02"	"IGHV2-5G12"	"IGHV2-5*02"	5e-04	318
"IGHV2-5G12*05"	"IGHV2-5G12"	"IGHV2-5*05"	0.001	317
"IGHV2-5G12*06"	"IGHV2-5G12"	"IGHV2-5*06"	1e-04	312
"IGHV2-5G12*08"	"IGHV2-5G12"	"IGHV2-5*08"	0.001	312
"IGHV2-5G12*09"	"IGHV2-5G12"	"IGHV2-5*09"	1e-04	312
"IGHV2-70G13*01"	"IGHV2-70G13"	"IGHV2-70*01"	1e-04	318
"IGHV2-70G13*03"	"IGHV2-70G13"	"IGHV2-70*10"	1e-04	312
"IGHV2-70G13*04"	"IGHV2-70G13"	"IGHV2-70*11"	1e-04	312
"IGHV2-70G13*05"	"IGHV2-70G13"	"IGHV2-70*12"	1e-04	312
"IGHV2-70G13*06"	"IGHV2-70G13"	"IGHV2-70*13"	0.001	318
"IGHV2-70G13*07"	"IGHV2-70G13"	"IGHV2-70*15"	1e-04	318
"IGHV2-70G13*08"	"IGHV2-70G13"	"IGHV2-70*16"	1e-04	312
"IGHV2-70G13*09"	"IGHV2-70G13"	"IGHV2-70*17"	1e-04	318
"IGHV2-70G13*10"	"IGHV2-70G13"	"IGHV2-70*18"	1e-04	312
"IGHV2-70G13*11"	"IGHV2-70G13"	"IGHV2-70*19"	1e-04	312
"IGHV2-70G13*12"	"IGHV2-70G13"	"IGHV2-70*20"	1e-04	312
"IGHV2-70G13*13"	"IGHV2-70G13"	"IGHV2-70D*14"	1e-04	312
"IGHV3-11G14*01"	"IGHV3-11G14"	"IGHV3-11*01"	0.001	318
"IGHV3-11G14*03"	"IGHV3-11G14"	"IGHV3-11*03"	1e-04	312
"IGHV3-11G14*04"	"IGHV3-11G14"	"IGHV3-11*04"	0.001	318
"IGHV3-11G14*05"	"IGHV3-11G14"	"IGHV3-11*05"	0.001	318
"IGHV3-11G14*06"	"IGHV3-11G14"	"IGHV3-11*06"	1e-04	318
"IGHV3-13G15*01"	"IGHV3-13G15"	"IGHV3-13*01"	1e-04	318
"IGHV3-13G15*02"	"IGHV3-13G15"	"IGHV3-13*02"	1e-04	312
"IGHV3-13G15*03"	"IGHV3-13G15"	"IGHV3-13*03"	0.001	318
"IGHV3-13G15*04"	"IGHV3-13G15"	"IGHV3-13*04"	1e-04	318
"IGHV3-13G15*05"	"IGHV3-13G15"	"IGHV3-13*05"	1e-04	318
"IGHV3-15G16*01"	"IGHV3-15G16"	"IGHV3-15*01"	1e-04	318
"IGHV3-15G16*01_A313T"	"IGHV3-15G16"	"IGHV3-15*01_A313T"	0.001	316
"IGHV3-15G16*02"	"IGHV3-15G16"	"IGHV3-15*02"	1e-04	318
"IGHV3-15G16*03"	"IGHV3-15G16"	"IGHV3-15*03"	1e-04	312
"IGHV3-15G16*04"	"IGHV3-15G16"	"IGHV3-15*04"	0.001	318
"IGHV3-15G16*05"	"IGHV3-15G16"	"IGHV3-15*05"	0.001	318
"IGHV3-15G16*06"	"IGHV3-15G16"	"IGHV3-15*06"	1e-04	312
"IGHV3-15G16*07"	"IGHV3-15G16"	"IGHV3-15*07"	0.001	318
"IGHV3-15G16*08"	"IGHV3-15G16"	"IGHV3-15*08"	1e-04	312
"IGHV3-20G17*01"	"IGHV3-20G17"	"IGHV3-20*01"	1e-04	318
"IGHV3-20G17*04"	"IGHV3-20G17"	"IGHV3-20*04"	1e-04	318
"IGHV3-21G18*01"	"IGHV3-21G18"	"IGHV3-21*01"	0.001	318
"IGHV3-21G18*01_A184G_T190A_A191C"	"IGHV3-21G18"	"IGHV3-21*01_A184G_T190A_A191C"	0.001	318
"IGHV3-21G18*02"	"IGHV3-21G18"	"IGHV3-21*02"	0.001	318
"IGHV3-21G18*03"	"IGHV3-21G18"	"IGHV3-21*03"	0.001	318
"IGHV3-21G18*04"	"IGHV3-21G18"	"IGHV3-21*04"	0.001	318
"IGHV3-21G18*05"	"IGHV3-21G18"	"IGHV3-21*05"	0.001	312
"IGHV3-21G18*06"	"IGHV3-21G18"	"IGHV3-21*06"	0.001	318
"IGHV3-23G19*02"	"IGHV3-23G19"	"IGHV3-23*02"	1e-04	312
"IGHV3-23G19*03"	"IGHV3-23G19"	"IGHV3-23*03"	1e-04	312
"IGHV3-23G19*04"	"IGHV3-23G19"	"IGHV3-23*04"	0.001	318
"IGHV3-23G19*05"	"IGHV3-23G19"	"IGHV3-23*05"	1e-04	312
"IGHV3-30-3G20*01"	"IGHV3-30-3G20"	"IGHV3-30-3*01"	1e-04	318
"IGHV3-30-3G20*02"	"IGHV3-30-3G20"	"IGHV3-30-3*02"	1e-04	312
"IGHV3-30-3G20*05_G49A"	"IGHV3-30-3G20"	"IGHV3-30*02_G49A"	0.001	318
"IGHV3-30-3G20*06"	"IGHV3-30-3G20"	"IGHV3-30*01"	1e-04	318
"IGHV3-30-3G20*07"	"IGHV3-30-3G20"	"IGHV3-30*03"	1e-04	318
"IGHV3-30-3G20*08"	"IGHV3-30-3G20"	"IGHV3-30*05"	1e-04	312
"IGHV3-30-3G20*09"	"IGHV3-30-3G20"	"IGHV3-30*06"	1e-04	312
"IGHV3-30-3G20*10"	"IGHV3-30-3G20"	"IGHV3-30*07"	0.001	312
"IGHV3-30-3G20*11"	"IGHV3-30-3G20"	"IGHV3-30*08"	1e-04	312
"IGHV3-30-3G20*12"	"IGHV3-30-3G20"	"IGHV3-30*09"	1e-04	312
"IGHV3-30-3G20*13"	"IGHV3-30-3G20"	"IGHV3-30*10"	0.001	318
"IGHV3-30-3G20*14"	"IGHV3-30-3G20"	"IGHV3-30*11"	1e-04	318
"IGHV3-30-3G20*15"	"IGHV3-30-3G20"	"IGHV3-30*12"	1e-04	312
"IGHV3-30-3G20*16"	"IGHV3-30-3G20"	"IGHV3-30*13"	1e-04	312
"IGHV3-30-3G20*17"	"IGHV3-30-3G20"	"IGHV3-30*14"	1e-04	318
"IGHV3-30-3G20*18"	"IGHV3-30-3G20"	"IGHV3-30*15"	1e-04	312
"IGHV3-30-3G20*19"	"IGHV3-30-3G20"	"IGHV3-30*16"	0.001	318
"IGHV3-30-3G20*20"	"IGHV3-30-3G20"	"IGHV3-30*17"	1e-04	312
"IGHV3-30-3G20*21"	"IGHV3-30-3G20"	"IGHV3-30*19"	1e-04	312
"IGHV3-30-3G20*21_T189C"	"IGHV3-30-3G20"	"IGHV3-30*19_T189C"	1e-04	318
"IGHV3-30-3G20*22"	"IGHV3-30-3G20"	"IGHV3-33*01"	1e-04	318
"IGHV3-30-3G20*23"	"IGHV3-30-3G20"	"IGHV3-33*02"	1e-04	312
"IGHV3-30-3G20*24"	"IGHV3-30-3G20"	"IGHV3-33*03"	1e-04	312
"IGHV3-30-3G20*25"	"IGHV3-30-3G20"	"IGHV3-33*04"	1e-04	312
"IGHV3-30-3G20*26"	"IGHV3-30-3G20"	"IGHV3-33*05"	0.001	318
"IGHV3-30-3G20*27"	"IGHV3-30-3G20"	"IGHV3-33*06"	0.001	318
"IGHV3-30-3G20*28"	"IGHV3-30-3G20"	"IGHV3-33*07"	1e-04	312
"IGHV3-30-3G20*29"	"IGHV3-30-3G20"	"IGHV3-33*08"	0.001	318
"IGHV3-35G21*02"	"IGHV3-35G21"	"IGHV3-35*02"	1e-04	318
"IGHV3-43G22*01"	"IGHV3-43G22"	"IGHV3-43*01"	1e-04	318
"IGHV3-43G22*02"	"IGHV3-43G22"	"IGHV3-43*02"	1e-04	318
"IGHV3-43G22*03"	"IGHV3-43G22"	"IGHV3-43D*03"	1e-04	318
"IGHV3-43G22*04"	"IGHV3-43G22"	"IGHV3-43D*04"	1e-04	318
"IGHV3-43G22*04_G4A"	"IGHV3-43G22"	"IGHV3-43D*04_G4A"	1e-04	318
"IGHV3-48G23*01"	"IGHV3-48G23"	"IGHV3-48*01"	0.001	318
"IGHV3-48G23*02"	"IGHV3-48G23"	"IGHV3-48*02"	0.001	318
"IGHV3-48G23*03"	"IGHV3-48G23"	"IGHV3-48*03"	0.001	318
"IGHV3-48G23*04"	"IGHV3-48G23"	"IGHV3-48*04"	0.001	318
"IGHV3-49G24*01"	"IGHV3-49G24"	"IGHV3-49*01"	1e-04	312
"IGHV3-49G24*02"	"IGHV3-49G24"	"IGHV3-49*02"	1e-04	312
"IGHV3-49G24*03"	"IGHV3-49G24"	"IGHV3-49*03"	1e-04	318
"IGHV3-49G24*04"	"IGHV3-49G24"	"IGHV3-49*04"	1e-04	318
"IGHV3-49G24*05"	"IGHV3-49G24"	"IGHV3-49*05"	1e-04	318
"IGHV3-53G25*01"	"IGHV3-53G25"	"IGHV3-53*01"	1e-04	318
"IGHV3-53G25*02"	"IGHV3-53G25"	"IGHV3-53*02"	0.001	318
"IGHV3-53G25*03"	"IGHV3-53G25"	"IGHV3-53*03"	1e-04	312
"IGHV3-53G25*04"	"IGHV3-53G25"	"IGHV3-53*04"	1e-04	318
"IGHV3-53G25*05"	"IGHV3-53G25"	"IGHV3-53*05"	1e-04	312
"IGHV3-53G25*07"	"IGHV3-53G25"	"IGHV3-66*02"	1e-04	318
"IGHV3-53G25*07_G303A"	"IGHV3-53G25"	"IGHV3-66*02_G303A"	1e-04	318
"IGHV3-53G25*08"	"IGHV3-53G25"	"IGHV3-66*03"	1e-04	318
"IGHV3-62G26*04"	"IGHV3-62G26"	"IGHV3-62*04"	1e-04	312
"IGHV3-64G27*01"	"IGHV3-64G27"	"IGHV3-64*01"	1e-04	318
"IGHV3-64G27*02"	"IGHV3-64G27"	"IGHV3-64*02"	1e-05	318
"IGHV3-64G27*03"	"IGHV3-64G27"	"IGHV3-64*03"	1e-04	312
"IGHV3-64G27*04"	"IGHV3-64G27"	"IGHV3-64*04"	1e-04	312
"IGHV3-64G27*05"	"IGHV3-64G27"	"IGHV3-64*05"	1e-04	312
"IGHV3-64G27*06"	"IGHV3-64G27"	"IGHV3-64*07"	0.001	312
"IGHV3-64G27*07"	"IGHV3-64G27"	"IGHV3-64D*06"	1e-04	318
"IGHV3-64G27*08"	"IGHV3-64G27"	"IGHV3-64D*08"	1e-04	318
"IGHV3-64G27*09"	"IGHV3-64G27"	"IGHV3-64D*09"	1e-04	318
"IGHV3-72G29*01"	"IGHV3-72G29"	"IGHV3-72*01"	1e-04	318
"IGHV3-73G30*01"	"IGHV3-73G30"	"IGHV3-73*01"	1e-04	318
"IGHV3-73G30*02"	"IGHV3-73G30"	"IGHV3-73*02"	1e-04	318
"IGHV3-74G31*01"	"IGHV3-74G31"	"IGHV3-74*01"	1e-04	318
"IGHV3-74G31*02"	"IGHV3-74G31"	"IGHV3-74*02"	1e-04	312
"IGHV3-74G31*03"	"IGHV3-74G31"	"IGHV3-74*03"	0.001	312
"IGHV3-7G28*01"	"IGHV3-7G28"	"IGHV3-7*01"	0.001	318
"IGHV3-7G28*02"	"IGHV3-7G28"	"IGHV3-7*02"	0.001	318
"IGHV3-7G28*03"	"IGHV3-7G28"	"IGHV3-7*03"	0.001	318
"IGHV3-7G28*04"	"IGHV3-7G28"	"IGHV3-7*04"	1e-04	318
"IGHV3-7G28*05"	"IGHV3-7G28"	"IGHV3-7*05"	1e-04	318
"IGHV3-9G32*01"	"IGHV3-9G32"	"IGHV3-9*01"	1e-04	318
"IGHV3-9G32*01_T307C"	"IGHV3-9G32"	"IGHV3-9*01_T307C"	1e-04	318
"IGHV3-9G32*02"	"IGHV3-9G32"	"IGHV3-9*02"	0.001	318
"IGHV3-9G32*03"	"IGHV3-9G32"	"IGHV3-9*03"	1e-04	318
"IGHV4-28G33*01"	"IGHV4-28G33"	"IGHV4-28*01"	1e-05	318
"IGHV4-28G33*02"	"IGHV4-28G33"	"IGHV4-28*02"	1e-05	318
"IGHV4-28G33*03"	"IGHV4-28G33"	"IGHV4-28*03"	1e-05	318
"IGHV4-28G33*04"	"IGHV4-28G33"	"IGHV4-28*04"	1e-05	312
"IGHV4-28G33*05"	"IGHV4-28G33"	"IGHV4-28*05"	1e-05	318
"IGHV4-28G33*06"	"IGHV4-28G33"	"IGHV4-28*06"	1e-05	312
"IGHV4-28G33*07"	"IGHV4-28G33"	"IGHV4-28*07"	1e-05	318
"IGHV4-30-2G34*01"	"IGHV4-30-2G34"	"IGHV4-30-2*01"	1e-04	318
"IGHV4-30-2G34*02"	"IGHV4-30-2G34"	"IGHV4-30-2*03"	1e-04	312
"IGHV4-30-2G34*03"	"IGHV4-30-2G34"	"IGHV4-30-2*05"	1e-04	312
"IGHV4-30-2G34*04"	"IGHV4-30-2G34"	"IGHV4-30-2*06"	1e-04	317
"IGHV4-30-2G34*05"	"IGHV4-30-2G34"	"IGHV4-30-4*07"	1e-04	318
"IGHV4-30-4G35*01"	"IGHV4-30-4G35"	"IGHV4-30-4*01"	0.001	318
"IGHV4-30-4G35*01_A70G_A107G"	"IGHV4-30-4G35"	"IGHV4-30-4*01_A70G_A107G"	1e-04	318
"IGHV4-30-4G35*02"	"IGHV4-30-4G35"	"IGHV4-30-4*02"	1e-04	312
"IGHV4-30-4G35*03"	"IGHV4-30-4G35"	"IGHV4-30-4*08"	0.001	318
"IGHV4-30-4G35*04"	"IGHV4-30-4G35"	"IGHV4-31*01"	1e-04	318
"IGHV4-30-4G35*05"	"IGHV4-30-4G35"	"IGHV4-31*02"	0.001	318
"IGHV4-30-4G35*06"	"IGHV4-30-4G35"	"IGHV4-31*03"	1e-05	318
"IGHV4-30-4G35*07"	"IGHV4-30-4G35"	"IGHV4-31*10"	1e-04	312
"IGHV4-30-4G35*08"	"IGHV4-30-4G35"	"IGHV4-31*11"	1e-04	318
"IGHV4-34G36*01"	"IGHV4-34G36"	"IGHV4-34*01"	1e-04	318
"IGHV4-34G36*02"	"IGHV4-34G36"	"IGHV4-34*02"	0.002	318
"IGHV4-34G36*04"	"IGHV4-34G36"	"IGHV4-34*04"	1e-04	312
"IGHV4-34G36*05"	"IGHV4-34G36"	"IGHV4-34*05"	1e-04	312
"IGHV4-34G36*11"	"IGHV4-34G36"	"IGHV4-34*11"	1e-04	312
"IGHV4-34G36*12"	"IGHV4-34G36"	"IGHV4-34*12"	0.001	318
"IGHV4-34G37*09"	"IGHV4-34G37"	"IGHV4-34*09"	1e-04	312
"IGHV4-34G37*10"	"IGHV4-34G37"	"IGHV4-34*10"	1e-04	312
"IGHV4-38-2G38*01"	"IGHV4-38-2G38"	"IGHV4-38-2*01"	1e-04	318
"IGHV4-38-2G38*02"	"IGHV4-38-2G38"	"IGHV4-38-2*02"	0.001	318
"IGHV4-38-2G38*03_C66G"	"IGHV4-38-2G38"	"IGHV4-39*01_C66G"	1e-04	318
"IGHV4-38-2G38*03_G315A"	"IGHV4-38-2G38"	"IGHV4-39*01_G315A"	1e-04	318
"IGHV4-38-2G38*04"	"IGHV4-38-2G38"	"IGHV4-39*02"	1e-04	318
"IGHV4-38-2G38*05"	"IGHV4-38-2G38"	"IGHV4-39*06"	1e-04	312
"IGHV4-38-2G38*06"	"IGHV4-38-2G38"	"IGHV4-39*07"	0.001	318
"IGHV4-38-2G38*06_C288A"	"IGHV4-38-2G38"	"IGHV4-39*07_C288A"	0.001	318
"IGHV4-4G39*01"	"IGHV4-4G39"	"IGHV4-4*01"	0.001	317
"IGHV4-4G39*02"	"IGHV4-4G39"	"IGHV4-4*02"	1e-04	318
"IGHV4-4G39*02_A106G"	"IGHV4-4G39"	"IGHV4-4*02_A106G"	0.001	318
"IGHV4-4G39*03"	"IGHV4-4G39"	"IGHV4-4*03"	0.001	318
"IGHV4-4G40*01"	"IGHV4-4G40"	"IGHV4-4*07"	1e-04	318
"IGHV4-4G40*02"	"IGHV4-4G40"	"IGHV4-59*10"	1e-04	312
"IGHV4-4G41*01"	"IGHV4-4G41"	"IGHV4-4*08"	1e-04	312
"IGHV4-4G41*02"	"IGHV4-4G41"	"IGHV4-4*09"	1e-04	312
"IGHV4-4G41*03"	"IGHV4-4G41"	"IGHV4-59*01"	1e-04	318
"IGHV4-4G41*03_G267A"	"IGHV4-4G41"	"IGHV4-59*01_G267A"	1e-04	318
"IGHV4-4G41*04"	"IGHV4-4G41"	"IGHV4-59*02"	0.005	318
"IGHV4-4G41*05"	"IGHV4-4G41"	"IGHV4-59*07"	1e-04	318
"IGHV4-4G41*06"	"IGHV4-4G41"	"IGHV4-59*08"	1e-04	318
"IGHV4-4G41*07"	"IGHV4-4G41"	"IGHV4-59*11"	0.001	318
"IGHV4-4G41*08"	"IGHV4-4G41"	"IGHV4-59*12"	0.001	318
"IGHV4-4G41*09"	"IGHV4-4G41"	"IGHV4-59*13"	1e-04	312
"IGHV4-61G42*01"	"IGHV4-61G42"	"IGHV4-61*01"	1e-04	318
"IGHV4-61G42*01_A41G"	"IGHV4-61G42"	"IGHV4-61*01_A41G"	1e-04	318
"IGHV4-61G42*02"	"IGHV4-61G42"	"IGHV4-61*02"	0.001	318
"IGHV4-61G42*02_A234G"	"IGHV4-61G42"	"IGHV4-61*02_A234G"	0.001	318
"IGHV4-61G42*03"	"IGHV4-61G42"	"IGHV4-61*03"	1e-04	312
"IGHV4-61G42*05"	"IGHV4-61G42"	"IGHV4-61*05"	1e-04	312
"IGHV4-61G42*08"	"IGHV4-61G42"	"IGHV4-61*08"	0.001	318
"IGHV4-61G42*09"	"IGHV4-61G42"	"IGHV4-61*09"	1e-04	312
"IGHV4-61G42*10"	"IGHV4-61G42"	"IGHV4-61*10"	1e-04	312
"IGHV5-10-1G43*01"	"IGHV5-10-1G43"	"IGHV5-10-1*01"	0.001	318
"IGHV5-10-1G43*02"	"IGHV5-10-1G43"	"IGHV5-10-1*02"	1e-04	312
"IGHV5-10-1G43*03"	"IGHV5-10-1G43"	"IGHV5-10-1*03"	0.001	318
"IGHV5-10-1G43*04"	"IGHV5-10-1G43"	"IGHV5-10-1*04"	1e-04	312
"IGHV5-51G44*01"	"IGHV5-51G44"	"IGHV5-51*01"	1e-04	318
"IGHV5-51G44*02"	"IGHV5-51G44"	"IGHV5-51*02"	1e-04	312
"IGHV5-51G44*03"	"IGHV5-51G44"	"IGHV5-51*03"	1e-04	318
"IGHV5-51G44*04"	"IGHV5-51G44"	"IGHV5-51*04"	1e-04	318
"IGHV5-51G44*06"	"IGHV5-51G44"	"IGHV5-51*06"	1e-04	318
"IGHV5-51G44*07"	"IGHV5-51G44"	"IGHV5-51*07"	1e-04	318
"IGHV6-1G45*01"	"IGHV6-1G45"	"IGHV6-1*01"	5e-04	318
"IGHV6-1G45*01_T91C"	"IGHV6-1G45"	"IGHV6-1*01_T91C"	5e-04	318
"IGHV6-1G45*02"	"IGHV6-1G45"	"IGHV6-1*02"	5e-04	312
"IGHV7-4-1G46*01"	"IGHV7-4-1G46"	"IGHV7-4-1*01"	1e-05	318
"IGHV7-4-1G46*02"	"IGHV7-4-1G46"	"IGHV7-4-1*02"	1e-04	318
"IGHV7-4-1G46*04"	"IGHV7-4-1G46"	"IGHV7-4-1*04"	1e-04	312
"IGHV7-4-1G46*05"	"IGHV7-4-1G46"	"IGHV7-4-1*05"	1e-04	312
"IGHV1-69G9*01"	"IGHV1-69G9"	"IGHV1-69D*01/IGHV1-69*01"	0.001	318
"IGHV2-70G13*02"	"IGHV2-70G13"	"IGHV2-70D*04/IGHV2-70*04"	0.007	318
"IGHV3-23G19*01"	"IGHV3-23G19"	"IGHV3-23D*01/IGHV3-23*01"	0.001	318
"IGHV3-30-3G20*03"	"IGHV3-30-3G20"	"IGHV3-30-3*03/IGHV3-30*04"	0.001	318
"IGHV3-30-3G20*04"	"IGHV3-30-3G20"	"IGHV3-30-5*01/IGHV3-30*18"	1e-04	318
"IGHV3-30-3G20*05"	"IGHV3-30-3G20"	"IGHV3-30-5*02/IGHV3-30*02"	1e-04	318
"IGHV3-53G25*06"	"IGHV3-53G25"	"IGHV3-66*01/IGHV3-66*04"	1e-04	318
"IGHV4-38-2G38*03"	"IGHV4-38-2G38"	"IGHV4-39*01"	1e-04	318
